{"\/assets\/css\/home.css":{"hash":"7104afa7cd909dbdbd3a5f1496e3c79e","release":1431413856},"\/assets\/css\/msp.css":{"hash":"ae2b9d66732adae76c5c8e4b93c6e6e7","release":1431413856},"\/msp\/css\/email_cap.css":{"hash":"85e1f135fc17ec922e8043b59cb7afc6","release":1398458188},"\/assets\/js\/msp.js":{"hash":"9c802352d72c40edc1a182c8da7f81c5","release":1431413856},"\/css\/jquery.fancybox.css":{"hash":"b134006dbd1a5e0d07b530d849be1a54","release":1397766993},"\/js\/ajax.js":{"hash":"fbd74d3c1f3acb5b9fe3f608461ef78f","release":"2014-16-04"},"\/js\/jquery.fancybox.pack.js":{"hash":"e2112f4c5098e0a07df68f8536d31d1f","release":1355517186},"\/js\/jquery.validate.min.js":{"hash":"b15266bb68229f7f55a4dce2fde288b7","release":1355517186},"\/mobile\/css\/mobile_list_style.css":{"hash":"fa81d159d6ea5c093e1974cf6fe3402e","release":1400790634},"\/mobile\/js\/ajax-dynamic-list-mobile.js":{"hash":"ea1d0dc8ac24a294ffcaedeb82f75363","release":"2014-16-04"},"\/msp\/css\/common.min.css":{"hash":"3d180c5c1cc2a169e61d664f52bc764d","release":1429259170},"\/msp\/css\/jquery-ui-1.10.3.slider.css":{"hash":"ab136ac597ad99f2c07c597c310f4819","release":"2014-16-04"},"\/msp\/css\/mobile_single_style_merge.css":{"hash":"927455652bff413a9dc44ad15690cae2","release":"2014-16-04"},"\/msp\/css\/msplist.css":{"hash":"4aafe83564ae900bf82f652d09370886","release":1427197205},"\/msp\/css\/mspsingle.css":{"hash":"2e074720378110a20e43fa19dcf32123","release":1429537674},"\/msp\/css\/nanoscroller.css":{"hash":"ce57258b0d6a3b1f1987dffee0355a89","release":"2014-16-04"},"\/msp\/jquery\/jquery.tinysort.min.js":{"hash":"4e0d21cb78a6762211fef18f24e22c35","release":1408048458},"\/msp\/js\/common.pack.js":{"hash":"399b139667396fdb157af62e856b0a55","release":1426229478},"\/msp\/js\/jquery-ui-1.10.3.custom.pack.js":{"hash":"64b16ecbe18f34f76d5604b2bb6723c1","release":"2014-16-04"},"\/msp\/js\/jquery-ui-1.10.3.slider.js":{"hash":"ff837eb99846f064fd222fcfa080bd92","release":"2014-16-04"},"\/msp\/js\/jquery.nanoscroller.min.js":{"hash":"50be6906f4201d7688d973700d46bc78","release":"2014-16-04"},"\/msp\/js\/msplist.pack.js":{"hash":"b63247c49aad6961d080ee95e263a2da","release":1430823093},"\/msp\/js\/single.js":{"hash":"91a9d499513719df9bd79b6789e72725","release":1431076150},"\/msp\/review\/review.js":{"hash":"5675e3a5f5b143e8c114953a0ead8e8b","release":1421065278},"\/stores\/reviews\/js\/review_see.js":{"hash":"07ecfea1ffe7496c5d70b5f04494ef8b","release":"2014-16-04"},"\/msp\/js\/email_cap.js":{"hash":"f2935df266a01e62fca683850c1c620b","release":1422592252},"\/msp\/js\/useranalytics.js":{"hash":"e0581804fa6f1481db96b75d1fcdceca","release":1421846872}}